PROFILE;METHOD;SUBMETHOD;PARA_NAME;TYPE;SUBMETHOD_PROFILE;INTVAL;DOUBLEVAL;STRVAL;PARA_DESC;PARA_DEP;CREATED_DATE;CREATED_BY
SBP_HGBT_1;HGBT;NA;RESAMPLING_METHOD;;;;;cv;Specifies the resampling method for model evaluation or parameter selection\ncv, \nbootstrap\nIf no value is specified for this parameter, neither model evaluation nor parameter selection is activated;;;
SBP_HGBT_1;HGBT;NA;EVALUATION_METRIC;;;;;RMSE;Specifies the evaluation metric for model evaluation or parameter selection.\nRMSE;;;
SBP_HGBT_1;HGBT;NA;SPLIT_METHOD;;;;;exact;The method to find split point for numeric feature.\n\nexact: the exact method, trying all possible points\n\nsketch: the sketch method, accounting for the distribution of the sum of hessian\n\nsampling: samples the split point randomly\n\nhistogram:builds histogram upon data and uses it as split point;;;
SBP_HGBT_1;HGBT;NA;MAX_DEPTH;;;6;;;The maximum depth of each tree.;;;
SBP_HGBT_1;HGBT;NA;FOLD_NUM;;;5;;;Specify fold number for cross validation method.;;;
SBP_HGBT_1;HGBT;NA;PARAM_SEARCH_STRATEGY;;;;;grid;Specify value to this parameter to active parameter selection.\ngrid\nrandom;;;
SBP_HGBT_1;HGBT;NA;ITER_NUM_RANGE;;;;;[10,10,20];Specifies range of parameter ITER_NUM to be selecte;;;
SBP_HGBT_1;HGBT;NA;GAMMA_RANGE;;;;;[0.0,0.2,1.0];Specifies range of parameter GAMMA to be selected;;;
SBP_HGBT_1;HGBT;NA;ETA_RANGE;;;;;[0.1,0.2,1.0];Specifies range of parameter ETA to be selected;;;
SBP_HGBT_1;HGBT;NA;SEED;;;1;;;The seed for random number generating\n0: current time\n\nOthers: the seed;;;
SBP_HGBT_1;HGBT;NA;REF_METRIC;;;;;MAE;The metric(s) for reference. Could be of multi-lines, for example, more than one REF_METRIC.;;;
SBP_HGBT_2;HGBT;NA;THREAD_RATIO;;;;-1;;The ratio of available threads.\n0: single thread\n0~1: percentage\nOthers: heuristically determined;;;
SBP_HGBT_2;HGBT;NA;MAX_DEPTH;;;20;;;The maximum depth of each tree.;;;
SBP_MLR_0;MLR;NA;REPEAT_TIMES;;;1;;;Specifies the number of repeat times for resampling.;;;
SBP_MLR_1;MLR;NA;EVALUATION_METRIC;;;;;RMSE;Specifies the evaluation metric for model evaluation or parameter selection.\nRMSE;;;
SBP_MLR_1;MLR;NA;PMML_EXPORT;;;0;;;0: Does not export multiple linear regression model in PMML\n2: Exports multiple linear regression model in PMML. The maximum length of each row is 5000 characters;;;
SBP_MLR_1;MLR;NA;ALG;;;6;;;Specifies algorithms for solving the least square problem:\n1: QR decomposition (numerically stable, but fails when A is rank-deficient)\n2: SVD (numerically stable and can handle rank deficiency but computationally expensive)\n4: Cyclical coordinate descent method to solve elastic net regularized multiple linear regression\n5: Cholesky decomposition (fast but numerically unstable)\n6: Alternating direction method of multipliers (ADMM) to solve elastic net regularized multiple linear regression. This method is faster than the cyclical coordinate descent method in many cases and recommended.;;;
SBP_MLR_1;MLR;NA;ENET_LAMBDA;;;;0.003194;;Penalized weight. The value should be equal to or greater than 0.;;;
SBP_MLR_1;MLR;NA;ENET_ALPHA;;;;0.95;;The elastic net mixing parameter. The value range is between 0 and 1 inclusively\n0: Ridge penalty\n1: LASSO penalty;;;
SBP_MLR_1;MLR;NA;HAS_ID;;;1;;;Specifies whether the input data table has an ID column. If it exists, the ID column must be the first column.\n0: No ID column\n1: Has an ID column;;;
SBP_MLR_1;MLR;NA;RESAMPLING_METHOD;;;;;cv;Specifies the resampling method for model evaluation or parameter selection\ncv, \nbootstrap\nIf no value is specified for this parameter, neither model evaluation nor parameter selection is activated;;;
SBP_MLR_1;MLR;NA;FOLD_NUM;;;2;;;Specifies the fold number for a cross validation method.;;;
SBP_MLR_2;MLR;NA;PMML_EXPORT;;;2;;;0: Does not export multiple linear regression model in PMML\n2: Exports multiple linear regression model in PMML. The maximum length of each row is 5000 characters;;;
SBP_MLR_2;MLR;NA;ALG;;;6;;;Specifies algorithms for solving the least square problem:\n1: QR decomposition (numerically stable, but fails when A is rank-deficient)\n2: SVD (numerically stable and can handle rank deficiency but computationally expensive)\n4: Cyclical coordinate descent method to solve elastic net regularized multiple linear regression\n5: Cholesky decomposition (fast but numerically unstable)\n6: Alternating direction method of multipliers (ADMM) to solve elastic net regularized multiple linear regression. This method is faster than the cyclical coordinate descent method in many cases and recommended.;;;
SBP_MLR_2;MLR;NA;ENET_LAMBDA;;;;0.003194;;Penalized weight. The value should be equal to or greater than 0.;;;
SBP_MLR_2;MLR;NA;ENET_ALPHA;;;;0.95;;The elastic net mixing parameter. The value range is between 0 and 1 inclusively\n0: Ridge penalty\n1: LASSO penalty;;;
SBP_MLR_2;MLR;NA;HAS_ID;;;1;;;Specifies whether the input data table has an ID column. If it exists, the ID column must be the first column.\n0: No ID column\n1: Has an ID column;;;
SBP_MLR_2;MLR;NA;ADJUSTED_R2;;;1;;;Specifies whether to output adjusted R square or not.\n0: No\n1: Yes;;;
SBP_MLR_2;MLR;NA;RESAMPLING_METHOD;;;;;bootstrap;Specifies the resampling method for model evaluation or parameter selection\ncv, bootstrap\nIf no value is specified for this parameter, neither model evaluation nor parameter selection is activated;;;
SBP_MLR_2;MLR;NA;SEED;;;1;;;The seed for random number generating\n0: current time\n\nOthers: the seed;;;
SBP_MLR_2;MLR;NA;EVALUATION_METRIC;;;;;RMSE;Specifies the evaluation metric for model evaluation or parameter selection.\nRMSE;;;
SBP_RDT_0;RDT;NA;ALLOW_MISSING_DEPENDENT;;;1;;;Specifies if missing target value is allowed.\n0: Not allowed. An error occurs if missing dependent presents.1: Allowed. The datum with missing dependent is removed.;;0024-02-20;
SBP_RDT_0;RDT;NA;TREES_NUM;;;100;;;Specifies the number of trees to grow.;;0024-02-20;
SBP_HGBT_2;HGBT;NA;SPLIT_METHOD;;;;;exact;The method to find split point for numeric feature.\n\nexact: the exact method, trying all possible points\n\nsketch: the sketch method, accounting for the distribution of the sum of hessian\n\nsampling: samples the split point randomly\n\nhistogram:builds histogram upon data and uses it as split point;;;
SBP_HGBT_2;HGBT;NA;RESAMPLING_METHOD;;;;;bootstrap;Specifies the resampling method for model evaluation or parameter selection\ncv, \nbootstrap\nIf no value is specified for this parameter, neither model evaluation nor parameter selection is activated;;;
SBP_HGBT_2;HGBT;NA;EVALUATION_METRIC;;;;;RMSE;Specifies the evaluation metric for model evaluation or parameter selection.\nRMSE, MAE;;;
SBP_HGBT_2;HGBT;NA;REF_METRIC;;;;;MAE;The metric(s) for reference. Could be of multi-lines, for example, more than one REF_METRIC.;The metric that is identical to EVALUATION_METRIC will be omitted.;;
SBP_HGBT_2;HGBT;NA;FOLD_NUM;;;5;;;Specify fold number for cross validation method.;;;
SBP_HGBT_2;HGBT;NA;PARAM_SEARCH_STRATEGY;;;;;grid;Specify value to this parameter to active parameter selection.\ngrid\nrandom;If this parameter is not set, then only model evaluation is activated.;;
SBP_HGBT_2;HGBT;NA;ITER_NUM_RANGE;;;;;[10,10,20];Specifies range of parameter ITER_NUM to be selected;;;
SBP_HGBT_2;HGBT;NA;GAMMA_RANGE;;;;;[0.0,0.2,1.0];Specifies range of parameter GAMMA to be selected;;;
SBP_HGBT_2;HGBT;NA;ETA_RANGE;;;;;[0.1,0.2,1.0];Specifies range of parameter ETA to be selected;;;
SBP_RDT_0;RDT;NA;THREAD_RATIO;;;;-1;;The ratio of available threads.\n0: single thread\n0~1:\n  percentage\nOthers: heuristically determined;;;
SBP_RDT_1;RDT;NA;THREAD_RATIO;;;;-1;;The ratio of available threads.\n0: single thread\n0~1:\n  percentage\nOthers: heuristically determined;;;
SBP_RDT_2;RDT;NA;THREAD_RATIO;;;;-1;;The ratio of available threads.\n0: single thread\n0~1:\n  percentage\nOthers: heuristically determined;;;
SBP_AHC_0;AHC;NA;THREAD_RATIO;;;;0.5;;;;;
SBP_AHC_4;AHC;NA;THREAD_RATIO;;;;0.5;;;;;
SBP_AHC_0;AHC;NA;CLUSTER_METHOD;;;3;;;;;;
SBP_AHC_0;AHC;NA;DISTANCE_FUNC;;;10;;;;;;
SBP_AHC_0;AHC;NA;DISTANCE_DIMENSION;;;;3;;;;;
SBP_AHC_0;AHC;NA;NORMALIZE_TYPE;;;3;;;;;;
SBP_AHC_0;AHC;NA;CATEGORY_WEIGHTS;;;;1;;;;;
SBP_AHC_1;AHC;NA;CLUSTER_NUM;;;14;;;;;;
SBP_AHC_1;AHC;NA;CLUSTER_METHOD;;;3;;;;;;
SBP_AHC_1;AHC;NA;DISTANCE_FUNC;;;10;;;;;;
SBP_AHC_1;AHC;NA;DISTANCE_DIMENSION;;;;3;;;;;
SBP_AHC_1;AHC;NA;NORMALIZE_TYPE;;;3;;;;;;
SBP_AHC_1;AHC;NA;CATEGORY_WEIGHTS;;;;1;;;;;
SBP_AHC_1;AHC;NA;THREAD_RATIO;;;;0.5;;;;;
SBP_AHC_2;AHC;NA;THREAD_RATIO;;;;0.5;;;;;
SBP_AHC_2;AHC;NA;CLUSTER_NUM;;;15;;;;;;
SBP_AHC_2;AHC;NA;CLUSTER_METHOD;;;4;;;;;;
SBP_AHC_2;AHC;NA;DISTANCE_FUNC;;;10;;;;;;
SBP_AHC_2;AHC;NA;DISTANCE_DIMENSION;;;;3;;;;;
SBP_AHC_2;AHC;NA;NORMALIZE_TYPE;;;3;;;;;;
SBP_AHC_2;AHC;NA;CATEGORY_WEIGHTS;;;;1;;;;;
SBP_HGBT_10;HGBT;NA;ALPHA;;;0;0;;L1 regularization.\nRange: [0, 1];;0016-01-20;
SBP_HGBT_10;HGBT;NA;BASE_SCORE _VALUES;;;0;;No default value;Specifies values of parameter BASE_SCORE to be selected;;0016-01-20;
SBP_HGBT_10;HGBT;NA;CALCULATE_CONFUSION_MATRIX;;;1;;;Determines whether to calculate confusion matrix:\n0: no1: yes;;0016-01-20;
SBP_HGBT_10;HGBT;NA;CALCULATE_IMPORTANCE;;;1;;;Determines whether to calculate variable importance:\n0: no1: yes;;0016-01-20;
SBP_HGBT_10;HGBT;NA;CATEGORICAL_VARIABLE;;;0;;;Indicates which variables are treated as categorical. The default behavior is:\nSTRING: categoricalINTEGER and DOUBLE: continuous;;0016-01-20;
SBP_HGBT_10;HGBT;NA;ALPHA _RANGE;;;0;;No default value;Specifies range of parameter ALPHA to be selected;;0016-01-20;
SBP_HGBT_10;HGBT;NA;ALPHA _VALUES;;;0;;No default value;Specifies values of parameter ALPHA to be selected;;0016-01-20;
SBP_HGBT_10;HGBT;NA;BASE_SCORE _RANGE;;;0;;No default value;Specifies range of parameter BASE_SCORE to be selected;;0016-01-20;
SBP_HGBT_10;HGBT;NA;COL_SAMPLE_RATE_BYSPLIT;;;0;1;;The sample rate of feature set in each split.\nRange: (0, 1];;0016-01-20;
SBP_HGBT_10;HGBT;NA;COL_SAMPLE_RATE_BYSPLIT _RANGE;;;0;;No default value;Specifies range of parameter COL_SAMPLE_RATE_BYSPLIT to be selected;;0016-01-20;
SBP_HGBT_10;HGBT;NA;BASE_SCORE;;;0;0.5;;Initial prediction score of all instances.\nGlobal bias for sufficient number of iterationsRange: (0, 1), only for binary classification.;;0016-01-20;
SBP_HGBT_10;HGBT;NA;COL_SAMPLE_RATE_BYSPLIT_VALUES;;;0;;No default value;Specifies values of parameter COL_SAMPLE_RATE_BYSPLIT to be selected;;0016-01-20;
SBP_HGBT_10;HGBT;NA;COL_SAMPLE_RATE_BYTREE;;;0;1;;The sample rate of feature set in each tree growth. \nRange: (0, 1];;0016-01-20;
SBP_HGBT_10;HGBT;NA;COL_SAMPLE_RATE_BYTREE _RANGE;;;0;;No default value;Specifies range of parameter COL_SAMPLE_RATE_BYTREE to be selected;;0016-01-20;
SBP_HGBT_10;HGBT;NA;COL_SAMPLE_RATE_BYTREE _VALUES;;;0;;No default value;Specifies values of parameter COL_SAMPLE_RATE_BYTREE to be selected;;0016-01-20;
SBP_HGBT_10;HGBT;NA;COMPRESSION;;;0;;;Indicate whether result model should be compressed:\n0: no1: yes;;0016-01-20;
SBP_HGBT_10;HGBT;NA;DEFAULT_MISSING_DIRECTION;;;1;;;Define the default direction where missing value will go to while splitting.\n0: left1: right;;0016-01-20;
SBP_HGBT_10;HGBT;NA;DEPENDENT_VARIABLE;;;0;;;Specifies the variable used as independent.;;0016-01-20;
SBP_HGBT_10;HGBT;NA;ETA;;;0;0.3;;Learning rate of each iteration. Range: (0, 1];;0016-01-20;
SBP_HGBT_10;HGBT;NA;ETA_RANGE;;;0;;No default value;Specifies range of parameter ETA to be selected;;0016-01-20;
SBP_HGBT_10;HGBT;NA;ETA_VALUES;;;0;;No default value;Specifies values of parameter ETA to be selected;;0016-01-20;
SBP_HGBT_10;HGBT;NA;GAMMA;;;0;0;;The minimum loss change value to make a split in tree growth (gamma in the equation).;;0016-01-20;
SBP_HGBT_10;HGBT;NA;GAMMA_RANGE;;;0;;No default value;Specifies range of parameter GAMMA to be selected;;0016-01-20;
SBP_HGBT_10;HGBT;NA;FOLD_NUM;;;0;;;Specify fold number for cross validation method.;;0016-01-20;
SBP_HGBT_10;HGBT;NA;GAMMA_VALUES;;;0;;No default value;Specifies values of parameter GAMMA to be selected;;0016-01-20;
SBP_HGBT_10;HGBT;NA;FEATURE_GROUPING;;;0;;;Apply feature grouping by grouping sparse features that only contains one significant value in each row.\n0: no1: yes;;0016-01-20;
SBP_HGBT_10;HGBT;NA;ITER_NUM_VALUES;;;0;;No default value;Specifies values of parameter ITER_NUM to be selected;;0016-01-20;
SBP_HGBT_10;HGBT;NA;EVALUATION_METRIC;;;0;;No default value;Specify evaluation metric for model evaluation or parameter selection.\nClassification: RMSE, MAE, NLL, ERROR_RATE, AUCRegression: RMSE, MAE;;0016-01-20;
SBP_HGBT_10;HGBT;NA;ITER_NUM_RANGE;;;0;;No default value;Specifies range of parameter ITER_NUM to be selected;;0016-01-20;
SBP_HGBT_10;HGBT;NA;HAS_ID;;;0;;;Specifies if the first column of the DATA table is used as ID column\n0: no1: yes, the first column is discarded during training.;;0016-01-20;
SBP_HGBT_10;HGBT;NA;ITER_NUM;;;10;;;Total iteration number, which is equivalent to the number of trees in the final model.;;0016-01-20;
SBP_HGBT_10;HGBT;NA;LAMBDA;;;0;1;;L2 regularization.\nRange: [0, 1];;0016-01-20;
SBP_HGBT_10;HGBT;NA;LAMBDA _RANGE;;;0;;No default value;Specifies range of parameter LAMBDA to be selected;;0016-01-20;
SBP_HGBT_10;HGBT;NA;LAMBDA _VALUES;;;0;;No default value;Specifies values of parameter LAMBDA to be selected;;0016-01-20;
SBP_HGBT_10;HGBT;NA;MAX_DEPTH_RANGE;;;0;;No default value;Specifies range of parameter MAX_DEPTH to be selected;;0016-01-20;
SBP_HGBT_10;HGBT;NA;MIN_CHILD_HESSIAN;;;0;1;;The minimum summation of sample weights (hessian) in the leaf node.;;0016-01-20;
SBP_HGBT_10;HGBT;NA;MAX_DEPTH_VALUES;;;0;;No default value;Specifies values of parameter MAX_DEPTH to be selected;;0016-01-20;
SBP_HGBT_10;HGBT;NA;MAX_BIN_NUM;;;256;;;The maximum bin number for histogram method. Decreasing this number gains better performance in terms of running time at a cost of accuracy.;;0016-01-20;
SBP_HGBT_10;HGBT;NA;MIN_CHILD_HESSIAN_VALUES;;;0;;No default value;Specifies values of parameter MIN_CHILD_HESSIAN to be selected;;0016-01-20;
SBP_HGBT_10;HGBT;NA;MAX_BITS;;;12;;;Maximal number of bits to quantize continuous features. Equivalent to use 2 ^MAX_BITS bins.;;0016-01-20;
SBP_HGBT_10;HGBT;NA;MAX_DEPTH;;;6;;;The maximum depth of each tree.;;0016-01-20;
SBP_HGBT_10;HGBT;NA;PROGRESS_INDICATOR_ID;;;0;;;Set an ID of progress indicator for model evaluation or parameter selection. No progress indicator will be active if no value is provided.;;0016-01-20;
SBP_HGBT_10;HGBT;NA;RANDOM_SEARCH_TIMES;;;0;;;Specify times to randomly select candidate parameters for selection.;;0016-01-20;
SBP_HGBT_10;HGBT;NA;REF_METRIC;;;0;;;The metric(s) for reference. Could be of multi-lines, for example, more than one REF_METRIC.;;0016-01-20;
SBP_HGBT_10;HGBT;NA;REPEAT_TIMES;;;1;;;Specify repeat times for resampling.;;0016-01-20;
SBP_HGBT_10;HGBT;NA;REPLACE_MISSING;;;1;;;Replace missing value by another value in the feature. If it is a continuous feature, the value is the mean value, if it is a categorical feature, the value is the most frequent one.\n0: no1: yes;;0016-01-20;
SBP_HGBT_10;HGBT;NA;RESAMPLING_METHOD;;;0;;No default value;Specify re-sampling method for model evaluation or parameter selection.\ncvstratified_cvbootstrapstratified_bootstrapIf no value is specified for this parameter, then no model evaluation or parameter selection will be activated.;;0016-01-20;
SBP_HGBT_10;HGBT;NA;ROW_SAMPLE_RATE;;;0;1;;The sample rate of row (data points).\nRange: (0, 1];;0016-01-20;
SBP_HGBT_10;HGBT;NA;ROW_SAMPLE_RATE _RANGE;;;0;;No default value;Specifies range of parameter ROW_SAMPLE_RATE to be selected;;0016-01-20;
SBP_HGBT_10;HGBT;NA;ROW_SAMPLE_RATE _VALUES;;;0;;No default value;Specifies values of parameter ROW_SAMPLE_RATE to be selected;;0016-01-20;
SBP_HGBT_10;HGBT;NA;SEED;;;0;;;The seed for random number generating.\n0: current timeOthers: the seed;;0016-01-20;
SBP_HGBT_10;HGBT;NA;SKETCH_EPS;;;0;0.1;;The epsilon of the sketch method. It indicates that the sum of hessian between two split points is not larger than this value. That is, the number of bins is approximately 1/eps.;;0016-01-20;
SBP_HGBT_10;HGBT;NA;SPLIT_METHOD;;;0;;;The method to find split point for numeric feature.\nexact: the exact method, trying all possible pointssketch: the sketch method, accounting for the distribution of the sum of hessiansampling: samples the split point randomlyhistogram:builds histogram upon data and uses it as split point;;0016-01-20;
SBP_HGBT_10;HGBT;NA;THREAD_RATIO;;;0;-1;;The ratio of available threads.\n0: single thread0~1: percentageOthers: heuristically determined;;0016-01-20;
SBP_HGBT_10;HGBT;NA;TIMEOUT;;;0;;;Specify maximum running time for model evaluation or parameter selection, in seconds. No timeout when 0 is specified.;;0016-01-20;
SBP_HGBT_10;HGBT;NA;TOLERANT_RATE;;;0;0.0001;;While applying feature grouping, still merge features when there are rows containing more than one significant value. This parameter specifies the rate of such rows allowed.;;0016-01-20;
SBP_HGBT_10;HGBT;NA;TWEEDIE_POWER;;;1;;;For Tweedie object function, must in range [1.0, 2.0];;0016-01-20;
SBP_HGBT_10;HGBT;NA;NODE_SIZE_VALUES;;;0;;No default value;Specifies values of parameter NODE_SIZE to be selected;;0016-01-20;
SBP_HGBT_10;HGBT;NA;NODE_WEIGHT_CONSTRAINT;;;0;0;;The maximum weight constraint assigned to each tree node. 0 for no constraint.;;0016-01-20;
SBP_HGBT_10;HGBT;NA;NODE_WEIGHT_CONSTRAINT _VALUES;;;0;;No default value;Specifies values of parameter NODE_WEIGHT_CONSTRAINT to be selected;;0016-01-20;
SBP_HGBT_10;HGBT;NA;NODE_SIZE;;;1;;;The minimum number of data in a leaf.;;0016-01-20;
SBP_HGBT_10;HGBT;NA;NODE_SIZE_RANGE;;;0;;No default value;Specifies range of parameter NODE_SIZE to be selected;;0016-01-20;
SBP_HGBT_10;HGBT;NA;MIN_CHILD_HESSIAN_RANGE;;;0;;No default value;Specifies range of parameter MIN_CHILD_HESSIAN to be selected;;0016-01-20;
SBP_HGBT_10;HGBT;NA;OBJ_FUNC;;;0;;;For regression:\n0. Squared error1. Squared log error2. Pseudo Huber error3. Gamma4. TweedieFor binary classification:5. Logistic6. HingeFor multiple classification:7. Softmax;;0016-01-20;
SBP_HGBT_10;HGBT;NA;NODE_WEIGHT_CONSTRAINT _RANGE;;;0;;No default value;Specifies range of parameter NODE_WEIGHT_CONSTRAINT to be selected;;0016-01-20;
SBP_HGBT_10;HGBT;NA;START_FROM_AVERAGE;;;0;;;Indicates whether to adopt the prior distribution as the initial point. To be specific, use average value if it is a regression problem, and use frequencies of labels if it is a classification problem.\n0: no1: yes;;0016-01-20;
SBP_HGBT_10;HGBT;NA;PARAM_SEARCH_STRATEGY;;;0;;No default value;Specify value to this parameter to active parameter selection.\ngridrandom;;0016-01-20;
SBP_AHC_3;AHC;NA;THREAD_RATIO;;;;0.5;;;;;
SBP_AHC_3;AHC;NA;CLUSTER_NUM;;;1;;;;;;
SBP_AHC_3;AHC;NA;CLUSTER_METHOD;;;3;;;;;;
SBP_AHC_3;AHC;NA;DISTANCE_FUNC;;;10;;;;;;
SBP_AHC_3;AHC;NA;DISTANCE_DIMENSION;;;;3;;;;;
SBP_AHC_3;AHC;NA;NORMALIZE_TYPE;;;3;;;;;;
SBP_AHC_3;AHC;NA;CATEGORY_WEIGHTS;;;;1;;;;;
SBP_AHC_4;AHC;NA;CLUSTER_NUM;;;2;;;;;;
SBP_AHC_4;AHC;NA;CLUSTER_METHOD;;;3;;;;;;
SBP_AHC_4;AHC;NA;DISTANCE_FUNC;;;10;;;;;;
SBP_AHC_4;AHC;NA;DISTANCE_DIMENSION;;;;3;;;;;
SBP_AHC_4;AHC;NA;NORMALIZE_TYPE;;;3;;;;;;
SBP_AHC_4;AHC;NA;CATEGORY_WEIGHTS;;;;1;;;;;
SBP_AHC_5;AHC;NA;THREAD_RATIO;;;;0.5;;;;;
SBP_AHC_5;AHC;NA;CLUSTER_NUM;;;3;;;;;;
SBP_AHC_5;AHC;NA;CLUSTER_METHOD;;;3;;;;;;
SBP_AHC_5;AHC;NA;DISTANCE_FUNC;;;10;;;;;;
SBP_AHC_5;AHC;NA;DISTANCE_DIMENSION;;;;3;;;;;
SBP_AHC_5;AHC;NA;NORMALIZE_TYPE;;;3;;;;;;
SBP_AHC_5;AHC;NA;CATEGORY_WEIGHTS;;;;1;;;;;
SBP_AHC_6;AHC;NA;THREAD_RATIO;;;;0.5;;;;;
SBP_AHC_6;AHC;NA;CLUSTER_NUM;;;4;;;;;;
SBP_AHC_6;AHC;NA;CLUSTER_METHOD;;;3;;;;;;
SBP_AHC_6;AHC;NA;DISTANCE_FUNC;;;10;;;;;;
SBP_AHC_6;AHC;NA;DISTANCE_DIMENSION;;;;3;;;;;
SBP_AHC_6;AHC;NA;NORMALIZE_TYPE;;;3;;;;;;
SBP_AHC_6;AHC;NA;CATEGORY_WEIGHTS;;;;1;;;;;
SBP_AHC_7;AHC;NA;THREAD_RATIO;;;;0.5;;;;;
SBP_AHC_7;AHC;NA;CLUSTER_NUM;;;5;;;;;;
SBP_AHC_7;AHC;NA;CLUSTER_METHOD;;;3;;;;;;
SBP_AHC_7;AHC;NA;DISTANCE_FUNC;;;10;;;;;;
SBP_AHC_7;AHC;NA;DISTANCE_DIMENSION;;;;3;;;;;
SBP_AHC_7;AHC;NA;NORMALIZE_TYPE;;;3;;;;;;
SBP_AHC_7;AHC;NA;CATEGORY_WEIGHTS;;;;1;;;;;
SBP_AHC_8;AHC;NA;THREAD_RATIO;;;;0.5;;;;;
SBP_AHC_8;AHC;NA;CLUSTER_NUM;;;6;;;;;;
SBP_AHC_8;AHC;NA;CLUSTER_METHOD;;;3;;;;;;
SBP_AHC_8;AHC;NA;DISTANCE_FUNC;;;10;;;;;;
SBP_AHC_8;AHC;NA;DISTANCE_DIMENSION;;;;3;;;;;
SBP_AHC_8;AHC;NA;NORMALIZE_TYPE;;;3;;;;;;
SBP_AHC_8;AHC;NA;CATEGORY_WEIGHTS;;;;1;;;;;
SBP_AHC_9;AHC;NA;THREAD_RATIO;;;;0.5;;;;;
SBP_AHC_9;AHC;NA;CLUSTER_NUM;;;7;;;;;;
SBP_AHC_9;AHC;NA;CLUSTER_METHOD;;;3;;;;;;
SBP_AHC_9;AHC;NA;DISTANCE_FUNC;;;10;;;;;;
SBP_AHC_9;AHC;NA;DISTANCE_DIMENSION;;;;3;;;;;
SBP_AHC_9;AHC;NA;NORMALIZE_TYPE;;;3;;;;;;
SBP_AHC_9;AHC;NA;CATEGORY_WEIGHTS;;;;1;;;;;
SBP_AHC_10;AHC;NA;THREAD_RATIO;;;;0.5;;;;;
SBP_AHC_10;AHC;NA;CLUSTER_NUM;;;8;;;;;;
SBP_AHC_10;AHC;NA;CLUSTER_METHOD;;;3;;;;;;
SBP_AHC_10;AHC;NA;DISTANCE_FUNC;;;10;;;;;;
SBP_AHC_10;AHC;NA;DISTANCE_DIMENSION;;;;3;;;;;
SBP_AHC_10;AHC;NA;NORMALIZE_TYPE;;;3;;;;;;
SBP_AHC_10;AHC;NA;CATEGORY_WEIGHTS;;;;1;;;;;
SBP_AHC_11;AHC;NA;THREAD_RATIO;;;;0.5;;;;;
SBP_AHC_11;AHC;NA;CLUSTER_NUM;;;9;;;;;;
SBP_AHC_11;AHC;NA;CLUSTER_METHOD;;;3;;;;;;
SBP_AHC_11;AHC;NA;DISTANCE_FUNC;;;10;;;;;;
SBP_AHC_11;AHC;NA;DISTANCE_DIMENSION;;;;3;;;;;
SBP_AHC_11;AHC;NA;NORMALIZE_TYPE;;;3;;;;;;
SBP_AHC_11;AHC;NA;CATEGORY_WEIGHTS;;;;1;;;;;
SBP_AHC_12;AHC;NA;THREAD_RATIO;;;;0.5;;;;;
SBP_AHC_12;AHC;NA;CLUSTER_NUM;;;10;;;;;;
SBP_AHC_12;AHC;NA;CLUSTER_METHOD;;;3;;;;;;
SBP_AHC_12;AHC;NA;DISTANCE_FUNC;;;10;;;;;;
SBP_AHC_12;AHC;NA;DISTANCE_DIMENSION;;;;3;;;;;
SBP_AHC_12;AHC;NA;NORMALIZE_TYPE;;;3;;;;;;
SBP_AHC_12;AHC;NA;CATEGORY_WEIGHTS;;;;1;;;;;
SBP_AHC_13;AHC;NA;THREAD_RATIO;;;;0.5;;;;;
SBP_AHC_13;AHC;NA;CLUSTER_METHOD;;;3;;;;;;
SBP_AHC_13;AHC;NA;DISTANCE_FUNC;;;10;;;;;;
SBP_AHC_13;AHC;NA;DISTANCE_DIMENSION;;;;3;;;;;
SBP_AHC_13;AHC;NA;NORMALIZE_TYPE;;;3;;;;;;
SBP_AHC_13;AHC;NA;CATEGORY_WEIGHTS;;;;1;;;;;
SBP_AHC_14;AHC;NA;THREAD_RATIO;;;;0.5;;;;;
SBP_AHC_14;AHC;NA;CLUSTER_NUM;;;12;;;;;;
SBP_AHC_14;AHC;NA;CLUSTER_METHOD;;;3;;;;;;
SBP_AHC_14;AHC;NA;DISTANCE_FUNC;;;10;;;;;;
SBP_AHC_14;AHC;NA;DISTANCE_DIMENSION;;;;3;;;;;
SBP_AHC_14;AHC;NA;NORMALIZE_TYPE;;;3;;;;;;
SBP_AHC_14;AHC;NA;CATEGORY_WEIGHTS;;;;1;;;;;
SBP_AHC_0;AHC;NA;CLUSTER_NUM;;;13;;;;;;
SBP_RDT_0;RDT;NA;CALCULATE_OOB;;;1;;;Indicates whether to calculate out-of-bag error.\n0: No1: Yes;;;
SBP_AUTOML_1;AUTOML;HGBT;RESAMPLING_METHOD;;;;;cv;Specifies the resampling method for model evaluation or parameter selection\ncv, \nbootstrap\nIf no value is specified for this parameter, neither model evaluation nor parameter selection is activated;;;
SBP_AUTOML_1;AUTOML;HGBT;EVALUATION_METRIC;;;;;RMSE;Specifies the evaluation metric for model evaluation or parameter selection.\nRMSE;;;
SBP_AUTOML_1;AUTOML;HGBT;SPLIT_METHOD;;;;;exact;The method to find split point for numeric feature.\n\nexact: the exact method, trying all possible points\n\nsketch: the sketch method, accounting for the distribution of the sum of hessian\n\nsampling: samples the split point randomly\n\nhistogram:builds histogram upon data and uses it as split point;;;
SBP_AUTOML_1;AUTOML;HGBT;MAX_DEPTH;;;6;;;The maximum depth of each tree.;;;
SBP_AUTOML_1;AUTOML;HGBT;FOLD_NUM;;;5;;;Specify fold number for cross validation method.;;;
SBP_AUTOML_1;AUTOML;HGBT;PARAM_SEARCH_STRATEGY;;;;;grid;Specify value to this parameter to active parameter selection.\ngrid\nrandom;;;
SBP_AUTOML_1;AUTOML;HGBT;ITER_NUM_RANGE;;;;;[10,10,20];Specifies range of parameter ITER_NUM to be selecte;;;
SBP_AUTOML_1;AUTOML;HGBT;GAMMA_RANGE;;;;;[0.0,0.2,1.0];Specifies range of parameter GAMMA to be selected;;;
SBP_AUTOML_1;AUTOML;HGBT;ETA_RANGE;;;;;[0.1,0.2,1.0];Specifies range of parameter ETA to be selected;;;
SBP_AUTOML_1;AUTOML;HGBT;SEED;;;1;;;The seed for random number generating\n0: current time\n\nOthers: the seed;;;
SBP_AUTOML_1;AUTOML;HGBT;REF_METRIC;;;;;MAE;The metric(s) for reference. Could be of multi-lines, for example, more than one REF_METRIC.;;;
SBP_AUTOML_1;AUTOML;MLR;REPEAT_TIMES;;;1;;;Specifies the number of repeat times for resampling.;;;
SBP_AUTOML_1;AUTOML;MLR;EVALUATION_METRIC;;;;;RMSE;Specifies the evaluation metric for model evaluation or parameter selection.\nRMSE;;;
SBP_AUTOML_1;AUTOML;MLR;PMML_EXPORT;;;0;;;0: Does not export multiple linear regression model in PMML\n2: Exports multiple linear regression model in PMML. The maximum length of each row is 5000 characters;;;
SBP_AUTOML_1;AUTOML;MLR;ALG;;;6;;;Specifies algorithms for solving the least square problem:\n1: QR decomposition (numerically stable, but fails when A is rank-deficient)\n2: SVD (numerically stable and can handle rank deficiency but computationally expensive)\n4: Cyclical coordinate descent method to solve elastic net regularized multiple linear regression\n5: Cholesky decomposition (fast but numerically unstable)\n6: Alternating direction method of multipliers (ADMM) to solve elastic net regularized multiple linear regression. This method is faster than the cyclical coordinate descent method in many cases and recommended.;;;
SBP_AUTOML_1;AUTOML;MLR;ENET_LAMBDA;;;;0.003194;;Penalized weight. The value should be equal to or greater than 0.;;;
SBP_AUTOML_1;AUTOML;MLR;ENET_ALPHA;;;;0.95;;The elastic net mixing parameter. The value range is between 0 and 1 inclusively\n0: Ridge penalty\n1: LASSO penalty;;;
SBP_AUTOML_1;AUTOML;MLR;HAS_ID;;;1;;;Specifies whether the input data table has an ID column. If it exists, the ID column must be the first column.\n0: No ID column\n1: Has an ID column;;;
SBP_AUTOML_1;AUTOML;MLR;RESAMPLING_METHOD;;;;;cv;Specifies the resampling method for model evaluation or parameter selection\ncv, \nbootstrap\nIf no value is specified for this parameter, neither model evaluation nor parameter selection is activated;;;
SBP_AUTOML_1;AUTOML;MLR;FOLD_NUM;;;2;;;Specifies the fold number for a cross validation method.;;;
SBP_AUTOML_1;AUTOML;RDT;CALCULATE_OOB;;;1;;;Indicates whether to calculate out-of-bag error.\n0: No1: Yes;;;
SBP_AUTOML_1;AUTOML;AUTOML;PIPELINE_TYPE;;;;;regressor;;;;
SBP_AUTOML_1;AUTOML;AUTOML;CONFIG_DICT;;;;;default;;;;
SBP_AUTOML_2;AUTOML;HGBT;RESAMPLING_METHOD;;;;;cv;Specifies the resampling method for model evaluation or parameter selection\ncv, \nbootstrap\nIf no value is specified for this parameter, neither model evaluation nor parameter selection is activated;;;
SBP_AUTOML_2;AUTOML;HGBT;SPLIT_METHOD;;;;;exact;The method to find split point for numeric feature.\n\nexact: the exact method, trying all possible points\n\nsketch: the sketch method, accounting for the distribution of the sum of hessian\n\nsampling: samples the split point randomly\n\nhistogram:builds histogram upon data and uses it as split point;;;
SBP_AUTOML_2;AUTOML;HGBT;MAX_DEPTH;;;6;;;The maximum depth of each tree.;;;
SBP_AUTOML_2;AUTOML;HGBT;FOLD_NUM;;;5;;;Specify fold number for cross validation method.;;;
SBP_AUTOML_2;AUTOML;HGBT;PARAM_SEARCH_STRATEGY;;;;;grid;Specify value to this parameter to active parameter selection.\ngrid\nrandom;;;
SBP_AUTOML_2;AUTOML;HGBT;ITER_NUM_RANGE;;;;;[10,10,20];Specifies range of parameter ITER_NUM to be selecte;;;
SBP_AUTOML_2;AUTOML;HGBT;GAMMA_RANGE;;;;;[0.0,0.2,1.0];Specifies range of parameter GAMMA to be selected;;;
SBP_AUTOML_2;AUTOML;HGBT;ETA_RANGE;;;;;[0.1,0.2,1.0];Specifies range of parameter ETA to be selected;;;
SBP_AUTOML_2;AUTOML;HGBT;SEED;;;1;;;The seed for random number generating\n0: current time\n\nOthers: the seed;;;
SBP_AUTOML_2;AUTOML;MLR;REPEAT_TIMES;;;1;;;Specifies the number of repeat times for resampling.;;;
SBP_AUTOML_2;AUTOML;MLR;PMML_EXPORT;;;0;;;0: Does not export multiple linear regression model in PMML\n2: Exports multiple linear regression model in PMML. The maximum length of each row is 5000 characters;;;
SBP_AUTOML_2;AUTOML;MLR;ALG;;;6;;;Specifies algorithms for solving the least square problem:\n1: QR decomposition (numerically stable, but fails when A is rank-deficient)\n2: SVD (numerically stable and can handle rank deficiency but computationally expensive)\n4: Cyclical coordinate descent method to solve elastic net regularized multiple linear regression\n5: Cholesky decomposition (fast but numerically unstable)\n6: Alternating direction method of multipliers (ADMM) to solve elastic net regularized multiple linear regression. This method is faster than the cyclical coordinate descent method in many cases and recommended.;;;
SBP_AUTOML_2;AUTOML;MLR;ENET_LAMBDA;;;;0.003194;;Penalized weight. The value should be equal to or greater than 0.;;;
SBP_AUTOML_2;AUTOML;MLR;ENET_ALPHA;;;;0.95;;The elastic net mixing parameter. The value range is between 0 and 1 inclusively\n0: Ridge penalty\n1: LASSO penalty;;;
SBP_AUTOML_2;AUTOML;MLR;HAS_ID;;;1;;;Specifies whether the input data table has an ID column. If it exists, the ID column must be the first column.\n0: No ID column\n1: Has an ID column;;;
SBP_AUTOML_2;AUTOML;MLR;RESAMPLING_METHOD;;;;;cv;Specifies the resampling method for model evaluation or parameter selection\ncv, \nbootstrap\nIf no value is specified for this parameter, neither model evaluation nor parameter selection is activated;;;
SBP_AUTOML_2;AUTOML;MLR;FOLD_NUM;;;2;;;Specifies the fold number for a cross validation method.;;;
SBP_AUTOML_2;AUTOML;RDT;CALCULATE_OOB;;;1;;;Indicates whether to calculate out-of-bag error.\n0: No1: Yes;;;
SBP_AUTOML_2;AUTOML;AUTOML;PIPELINE_TYPE;;;;;regressor;;;;
SBP_AUTOML_2;AUTOML;AUTOML;CONFIG_DICT;;;;;default;;;;
SBP_AUTOML_3;AUTOML;AUTOML;PIPELINE_TYPE;;;;;regressor;;;;
SBP_AUTOML_3;AUTOML;AUTOML;CONFIG_DICT;;;;;default;;;;
SBP_AUTOML_3;AUTOML;HGBT;THREAD_RATIO;;;;-1;;The ratio of available threads.\n0: single thread\n0~1: percentage\nOthers: heuristically determined;;;
SBP_AUTOML_3;AUTOML;RDT;CALCULATE_OOB;;;1;;;Indicates whether to calculate out-of-bag error.\n0: No1: Yes;;;
SBP_AUTOML_4;AUTOML;AUTOML;PIPELINE_TYPE;;;;;regressor;;;;
SBP_AUTOML_4;AUTOML;AUTOML;CONFIG_DICT;;;;;default;;;;
SBP_AUTOML_5;AUTOML;AUTOML;PIPELINE_TYPE;;;;;regressor;;;;
SBP_AUTOML_5;AUTOML;AUTOML;CONFIG_DICT;;;;;default;;;;
SBP_AUTOML_5;AUTOML;RDT;CALCULATE_OOB;;;1;;;Indicates whether to calculate out-of-bag error.\n0: No1: Yes;;;
SBP_AUTOML_3;AUTOML;MLR;REPEAT_TIMES;;;1;;;Specifies the number of repeat times for resampling.;;;
SBP_AUTOML_6;AUTOML;HGBT;EVALUATION_METRIC;;;;;RMSE;Specifies the evaluation metric for model evaluation or parameter selection.\nRMSE;;;
SBP_AUTOML_6;AUTOML;HGBT;REF_METRIC;;;;;MAE;The metric(s) for reference. Could be of multi-lines, for example, more than one REF_METRIC.;;;
SBP_AUTOML_6;AUTOML;MLR;EVALUATION_METRIC;;;;;RMSE;Specifies the evaluation metric for model evaluation or parameter selection.\nRMSE;;;
SBP_AUTOML_6;AUTOML;RDT;CALCULATE_OOB;;;1;;;Indicates whether to calculate out-of-bag error.\n0: No1: Yes;;;
SBP_AUTOML_6;AUTOML;AUTOML;PIPELINE_TYPE;;;;;regressor;;;;
SBP_AUTOML_6;AUTOML;AUTOML;CONFIG_DICT;;;;;default;;;;
SBP_AUTOML_7;AUTOML;AUTOML;PIPELINE_TYPE;;;;;regressor;;;;
SBP_AUTOML_7;AUTOML;AUTOML;CONFIG_DICT;;;;;default;;;;
SBP_AUTOML_8;AUTOML;AUTOML;PIPELINE_TYPE;;;;;regressor;;;;
SBP_AUTOML_7;AUTOML;MLR;REPEAT_TIMES;;;1;;;Specifies the number of repeat times for resampling.;;;
SBP_AUTOML_8;AUTOML;AUTOML;CONFIG_DICT;;;;;default;;;;
SBP_AUTOML_8;AUTOML;RDT;CALCULATE_OOB;;;1;;;Indicates whether to calculate out-of-bag error.\n0: No1: Yes;;;
SBP_AUTOML_9;AUTOML;AUTOML;PIPELINE_TYPE;;;;;regressor;;;;
SBP_AUTOML_9;AUTOML;AUTOML;CONFIG_DICT;;;;;default;;;;
SBP_AUTOML_7;AUTOML;AUTOML;CONFIG_REMOVE_HGBT;;;;;HGBT_Regressor;Remove HGBT Regressor;;;
SBP_AUTOML_7;AUTOML;AUTOML;CONFIG_REMOVE_RDT;;;;;RDT_Regressor;Remove RDT Regressor;;;
SBP_AUTOML_8;AUTOML;AUTOML;CONFIG_REMOVE_HGBT;;;;;HGBT_Regressor;Remove HGBT Regressor;;;
SBP_AUTOML_8;AUTOML;AUTOML;CONFIG_REMOVE_MLR;;;;;MLR_Regressor;Remove MLR Regressor;;;
SBP_AUTOML_9;AUTOML;AUTOML;CONFIG_REMOVE_MLR;;;;;MLR_Regressor;Remove MLR Regressor;;;
SBP_AUTOML_9;AUTOML;AUTOML;CONFIG_REMOVE_RDT;;;;;RDT_Regressor;Remove RDT Regressor;;;
SBP_MLR_4;MLR;NA;ALG;;;6;;;Specifies algorithms for solving the least square problem: \n1: QR decomposition (numerically stable, but fails when A is rank-deficient) 2: SVD (numerically stable and can handle rank deficiency but computationally expensive) 4: Cyclical coordinate descent method to solve elastic net regularized multiple linear regression 5: Cholesky decomposition (fast but numerically unstable) 6: Alternating direction method of multipliers (ADMM) to solve elastic net regularized multiple linear regression. This method is faster than the cyclical coordinate descent method in many cases and recommended.;The value 4 and 6 are supported only when VARIABLE_SELECTION is 0.;;
SBP_AUTOML_9;AUTOML;HGBT;SEED;;;0;;;The seed for random number generating.0: current timeOthers: the seed;;;
SBP_MLR_4;MLR;NA;ENET_ALPHA;;;;0.95;;The elastic net mixing parameter. The value range is between 0 and 1 inclusively.\n0: Ridge penalty1: LASSO penalty;Only valid when ALG is 4 or 6.;;
SBP_MLR_4;MLR;NA;ENET_LAMBDA;;;;0.003194;;Penalized weight. The value should be equal to or greater than 0.;Only valid when ALG is 4 or 6.;;
SBP_MLR_4;MLR;NA;EVALUATION_METRIC;;;;;RMSE;Specifies the evaluation metric for model evaluation or parameter selection.\n	 	RMSE;;;
SBP_MLR_4;MLR;NA;FOLD_NUM;;;2;;;Specifies the fold number for a cross validation method.;Mandatory and valid only when\nRESAMPLING_METHOD is set to cv.;;
SBP_MLR_4;MLR;NA;HAS_ID;;;1;;;Specifies whether the input data table has an ID column.\nIf it exists, the ID column must be the rst column.0: No ID column1: Has an ID column;;;
SBP_MLR_4;MLR;NA;NO_INTERCEPT;;;1;;;Specifies whether the intercept term should be ignored in the model.\n0: Do not ignore1: Ignore;;;
SBP_MLR_4;MLR;NA;PMML_EXPORT;;;;;;0: Does not export multiple linear regression model in PMML.\n 	2: Exports multiple linear regression model in PMML. The maximum length of each row is 5000 characters.;;;
SBP_MLR_4;MLR;NA;RESAMPLING_METHOD;;;;;cv;Specifies the resampling method for model evaluation or parameter selection.\ncv bootstrapIf no value is speci ed for this parameter, neither model evaluation nor parameter selection is activated.;;;
SBP_AUTOML_10;AUTOML;AUTOML;CONFIG_DICT;;AUTOML;;;default;;;2023-09-13;anonymous
SBP_AUTOML_10;AUTOML;HGBT;ETA_RANGE;;SBP_HGBT_1;;;[0.1,0.2,1.0];Specifies range of parameter ETA to be selected;;2023-09-13;anonymous
SBP_AUTOML_10;AUTOML;HGBT;EVALUATION_METRIC;;SBP_HGBT_1;;;RMSE;Specifies the evaluation metric for model evaluation or parameter selection.\nRMSE;;2023-09-13;anonymous
SBP_AUTOML_10;AUTOML;HGBT;FOLD_NUM;;SBP_HGBT_1;5;;;Specify fold number for cross validation method.;;2023-09-13;anonymous
SBP_AUTOML_10;AUTOML;HGBT;GAMMA_RANGE;;SBP_HGBT_1;;;[0.0,0.2,1.0];Specifies range of parameter GAMMA to be selected;;2023-09-13;anonymous
SBP_AUTOML_10;AUTOML;HGBT;ITER_NUM_RANGE;;SBP_HGBT_1;;;[10,10,20];Specifies range of parameter ITER_NUM to be selecte;;2023-09-13;anonymous
SBP_AUTOML_10;AUTOML;HGBT;MAX_DEPTH;;SBP_HGBT_1;6;;;The maximum depth of each tree.;;2023-09-13;anonymous
SBP_AUTOML_10;AUTOML;HGBT;PARAM_SEARCH_STRATEGY;;SBP_HGBT_1;;;grid;Specify value to this parameter to active parameter selection.\ngrid\nrandom;;2023-09-13;anonymous
SBP_AUTOML_10;AUTOML;HGBT;REF_METRIC;;SBP_HGBT_1;;;MAE;The metric(s) for reference. Could be of multi-lines, for example, more than one REF_METRIC.;;2023-09-13;anonymous
SBP_AUTOML_10;AUTOML;HGBT;RESAMPLING_METHOD;;SBP_HGBT_1;;;cv;Specifies the resampling method for model evaluation or parameter selection\ncv, \nbootstrap\nIf no value is specified for this parameter, neither model evaluation nor parameter selection is activated;;2023-09-13;anonymous
SBP_AUTOML_10;AUTOML;HGBT;SEED;;SBP_HGBT_1;1;;;The seed for random number generating\n0: current time\n\nOthers: the seed;;2023-09-13;anonymous
SBP_AUTOML_10;AUTOML;HGBT;SPLIT_METHOD;;SBP_HGBT_1;;;exact;The method to find split point for numeric feature.\n\nexact: the exact method, trying all possible points\n\nsketch: the sketch method, accounting for the distribution of the sum of hessian\n\nsampling: samples the split point randomly\n\nhistogram:builds histogram upon data and uses it as split point;;2023-09-13;anonymous
SBP_AUTOML_10;AUTOML;MLR;ALG;;SBP_MLR_4;6;;;Specifies algorithms for solving the least square problem: \n1: QR decomposition (numerically stable, but fails when A is rank-deficient) 2: SVD (numerically stable and can handle rank deficiency but computationally expensive) 4: Cyclical coordinate descent method to solve elastic net regularized multiple linear regression 5: Cholesky decomposition (fast but numerically unstable) 6: Alternating direction method of multipliers (ADMM) to solve elastic net regularized multiple linear regression. This method is faster than the cyclical coordinate descent method in many cases and recommended.;The value 4 and 6 are supported only when VARIABLE_SELECTION is 0.;2023-09-13;anonymous
SBP_AUTOML_10;AUTOML;MLR;ENET_ALPHA;;SBP_MLR_4;;0.95;;The elastic net mixing parameter. The value range is between 0 and 1 inclusively.\n0: Ridge penalty1: LASSO penalty;Only valid when ALG is 4 or 6.;2023-09-13;anonymous
SBP_AUTOML_10;AUTOML;MLR;ENET_LAMBDA;;SBP_MLR_4;;0.003194;;Penalized weight. The value should be equal to or greater than 0.;Only valid when ALG is 4 or 6.;2023-09-13;anonymous
SBP_AUTOML_10;AUTOML;MLR;EVALUATION_METRIC;;SBP_MLR_4;;;RMSE;Specifies the evaluation metric for model evaluation or parameter selection.\n	 	RMSE;;2023-09-13;anonymous
SBP_AUTOML_10;AUTOML;MLR;FOLD_NUM;;SBP_MLR_4;2;;;Specifies the fold number for a cross validation method.;Mandatory and valid only when\nRESAMPLING_METHOD is set to cv.;2023-09-13;anonymous
SBP_AUTOML_10;AUTOML;MLR;HAS_ID;;SBP_MLR_4;1;;;Specifies whether the input data table has an ID column.\nIf it exists, the ID column must be the rst column.0: No ID column1: Has an ID column;;2023-09-13;anonymous
SBP_AUTOML_10;AUTOML;MLR;NO_INTERCEPT;;SBP_MLR_4;1;;;Specifies whether the intercept term should be ignored in the model.\n0: Do not ignore1: Ignore;;2023-09-13;anonymous
SBP_AUTOML_10;AUTOML;MLR;PMML_EXPORT;;SBP_MLR_4;;;;0: Does not export multiple linear regression model in PMML.\n 	2: Exports multiple linear regression model in PMML. The maximum length of each row is 5000 characters.;;2023-09-13;anonymous
SBP_AUTOML_10;AUTOML;MLR;RESAMPLING_METHOD;;SBP_MLR_4;;;cv;Specifies the resampling method for model evaluation or parameter selection.\ncv bootstrapIf no value is speci ed for this parameter, neither model evaluation nor parameter selection is activated.;;2023-09-13;anonymous
SBP_AUTOML_10;AUTOML;RDT;CALCULATE_OOB;;SBP_RDT_0;1;;;Indicates whether to calculate out-of-bag error.\n0: No1: Yes;;2023-09-13;anonymous
SBP_AUTOML_10;AUTOML;AUTOML;PIPELINE_TYPE;;AUTOML;;;regressor;;;2023-09-13;anonymous
SBP_AUTOML_1;AUTOML;MLR;NO_INTERCEPT;;;1;;;Specifies whether the intercept term should be ignored in the model.\n0: Do not ignore1: Ignore;;2023-09-13;anonymous
SBP_AES_TESM;AES;NA;FORECAST_MODEL_NAME;;;;;TESM;Name of the statistical model used for calculating the forecast.\n\nSESM: Single Exponential Smoothing\n\nDESM: Double Exponential Smoothing\n\nTESM: Triple Exponential Smoothing;This parameter must be set unless MODELSELECTION is set to 1.;;
SBP_AES_TESM;AES;NA;FORECAST_NUM;;;106;;;Number of values to be forecast;;;
SBP_AES_TESM;AES;NA;MODELSELECTION;;;1;;;When this is set to 1, the algorithm will select the best model among Single/Double/Triple/Damped Double/Damped Triple Exponential Smoothing models.\n\nIf FORECAST_MODEL_NAME is set, the model defined by FORECAST_MODEL_NAME will be used.\n\nWhen this is set to 0, the algorithm will not perform the model selection.;;;
SBP_AES_TESM;AES;NA;CYCLE;;;26;;;Only valid when the model is set by user or identified by the algorithm as a TESM.;;;
SBP_AES_AUTO;AES;NA;FORECAST_NUM;;;106;;;Number of values to be forecast;;;
SBP_AES_AUTO;AES;NA;MODELSELECTION;;;1;;;When this is set to 1, the algorithm will select the best model among Single/Double/Triple/Damped Double/Damped Triple Exponential Smoothing models.\nIf FORECAST_MODEL_NAME is set, the model defined by FORECAST_MODEL_NAME will be used.When this is set to 0, the algorithm will not perform the model selection.;;;
SBP_AES_SESM;AES;NA;FORECAST_MODEL_NAME;;;;;SESM;Name of the statistical model used for calculating the forecast.\nSESM: Single Exponential SmoothingDESM: Double Exponential SmoothingTESM: Triple Exponential Smoothing;This parameter must be set unless MODELSELECTION is set to 1.;;
SBP_AES_SESM;AES;NA;FORECAST_NUM;;;106;;;Number of values to be forecast;;;
SBP_AES_SESM;AES;NA;MODELSELECTION;;;1;;;When this is set to 1, the algorithm will select the best model among Single/Double/Triple/Damped Double/Damped Triple Exponential Smoothing models.\nIf FORECAST_MODEL_NAME is set, the model defined by FORECAST_MODEL_NAME will be used.When this is set to 0, the algorithm will not perform the model selection.;;;
SBP_AES_DESM;AES;NA;FORECAST_MODEL_NAME;;;;;DESM;Name of the statistical model used for calculating the forecast.\nSESM: Single Exponential SmoothingDESM: Double Exponential SmoothingTESM: Triple Exponential Smoothing;This parameter must be set unless MODELSELECTION is set to 1.;;
SBP_AES_DESM;AES;NA;FORECAST_NUM;;;106;;;Number of values to be forecast;;;
SBP_AES_DESM;AES;NA;MODELSELECTION;;;1;;;When this is set to 1, the algorithm will select the best model among Single/Double/Triple/Damped Double/Damped Triple Exponential Smoothing models.\nIf FORECAST_MODEL_NAME is set, the model defined by FORECAST_MODEL_NAME will be used.When this is set to 0, the algorithm will not perform the model selection.;;;
SBP_AES_TESM_AUTO;AES;NA;FORECAST_MODEL_NAME;;;;;TESM;Name of the statistical model used for calculating the forecast.\nSESM: Single Exponential SmoothingDESM: Double Exponential SmoothingTESM: Triple Exponential Smoothing;This parameter must be set unless MODELSELECTION is set to 1.;;
SBP_AES_TESM_AUTO;AES;NA;FORECAST_NUM;;;106;;;Number of values to be forecast;;;
SBP_AES_TESM_AUTO;AES;NA;SEASONAL;;;1;;;0: Multiplicative triple exponential smoothing\n1: Additive triple exponential smoothing;Only valid when the model is set by user or identified by the algorithm as a TESM.;;
SBP_AUTOML_6;AUTOML;RDT;SEED;;;1;;;Specifies the seed for random number generator.0: Uses the current time (in second) as seedOthers: Uses the specified value as seed;;;
SBP_AUTOML_6;AUTOML;HGBT;SEED;;;1;;;Specifies the seed for random number generator.0: Uses the current time (in second) as seedOthers: Uses the specified value as seed;;;
SBP_AUTOML_6;AUTOML;MLR;SEED;;;1;;;Specifies the seed for random generation. Use system time when 0 is specified.;;;
SBP_HGBT_0;HGBT;NA;SEED;;;1;;;The seed for random number generating\n0: current time\n\nOthers: the seed;;;
SBP_HGBT_2;HGBT;NA;SEED;;;1;;;The seed for random number generating\n0: current time\n\nOthers: the seed;;;
SBP_MLR_0;MLR;NA;SEED;;;1;;;Specifies the seed for random generation. Use system time when 0 is specified.;;;
SBP_MLR_1;MLR;NA;SEED;;;1;;;Specifies the seed for random generation. Use system time when 0 is specified.;;;
SBP_RDT_1;RDT;NA;SEED;;;1;;;Specifies the seed for random number generator.0: Uses the current time (in second) as seedOthers: Uses the specified value as seed;;;
SBP_RDT_0;RDT;NA;SEED;;;1;;;Specifies the seed for random number generator.0: Uses the current time (in second) as seedOthers: Uses the specified value as seed;;;
SBP_RDT_2;RDT;NA;SEED;;;1;;;Specifies the seed for random number generator.0: Uses the current time (in second) as seedOthers: Uses the specified value as seed;;;
RANDOM_SEED;AUTOML;NA;THREAD_RATIO;;;;-1;;The ratio of available threads.\n0: single thread\n0~1: percentage\nOthers: heuristically determined;;;
SBP_AUTOML_6;AUTOML;AUTOML;RANDOM_SEED;;;1;;;Specifies the seed for random generation. Use system time when 0 is specified.;;;
SBP_AUTOML_3;AUTOML;RDT;SEED;;;1;;;Specifies the seed for random number generator.0: Uses the current time (in second) as seedOthers: Uses the specified value as seed;;;
SBP_AUTOML_3;AUTOML;HGBT;SEED;;;1;;;Specifies the seed for random number generator.0: Uses the current time (in second) as seedOthers: Uses the specified value as seed;;;
SBP_AUTOML_3;AUTOML;MLR;SEED;;;1;;;Specifies the seed for random generation. Use system time when 0 is specified.;;;
SBP_AUTOML_3;AUTOML;AUTOML;RANDOM_SEED;;;1;;;Specifies the seed for random generation. Use system time when 0 is specified.;;;
SBP_AUTOML_5;AUTOML;RDT;SEED;;;1;;;Specifies the seed for random number generator.0: Uses the current time (in second) as seedOthers: Uses the specified value as seed;;;
SBP_AUTOML_5;AUTOML;HGBT;SEED;;;1;;;Specifies the seed for random number generator.0: Uses the current time (in second) as seedOthers: Uses the specified value as seed;;;
SBP_AUTOML_5;AUTOML;MLR;SEED;;;1;;;Specifies the seed for random generation. Use system time when 0 is specified.;;;
SBP_AUTOML_5;AUTOML;AUTOML;RANDOM_SEED;;;1;;;Specifies the seed for random generation. Use system time when 0 is specified.;;;
SBP_AUTOML_4;AUTOML;RDT;SEED;;;1;;;Specifies the seed for random number generator.0: Uses the current time (in second) as seedOthers: Uses the specified value as seed;;;
SBP_AUTOML_4;AUTOML;HGBT;SEED;;;1;;;;;;
SBP_AUTOML_4;AUTOML;MLR;SEED;;;1;;;;;;
SBP_AUTOML_4;AUTOML;AUTOML;RANDOM_SEED;;;1;;;;;;
SBP_AES_TESM;AES;NA;OPTIMIZER_RANDOM_SEED;;;1;;;Random seed for simulated annealing. The value should be larger than zero.;;;
SBP_AES_AUTO;AES;NA;OPTIMIZER_RANDOM_SEED;;;1;;;Random seed for simulated annealing. The value should be larger than zero.;;;
SBP_AES_SESM;AES;NA;OPTIMIZER_RANDOM_SEED;;;1;;;Random seed for simulated annealing. The value should be larger than zero.;;;
SBP_AES_DESM;AES;NA;OPTIMIZER_RANDOM_SEED;;;1;;;Random seed for simulated annealing. The value should be larger than zero.;;;
SBP_AES_TESM_AUTO;AES;NA;OPTIMIZER_RANDOM_SEED;;;1;;;Random seed for simulated annealing. The value should be larger than zero.;;;
SBP_AES_DESM;AES;NA;EXPOST_FLAG;;;1;;;0: Does not output the expost forecast, and just outputs the forecast values\n1: Outputs the expost forecast and the forecast values.\n.;;;
SBP_AES_SESM;AES;NA;EXPOST_FLAG;;;1;;;0: Does not output the expost forecast, and just outputs the forecast values\n1: Outputs the expost forecast and the forecast values.\n.;;;
SBP_AES_TESM;AES;NA;EXPOST_FLAG;;;1;;;0: Does not output the expost forecast, and just outputs the forecast values\n1: Outputs the expost forecast and the forecast values.\n.;;;
SBP_AES_TESM_AUTO;AES;NA;EXPOST_FLAG;;;1;;;0: Does not output the expost forecast, and just outputs the forecast values\n1: Outputs the expost forecast and the forecast values.\n.;;;
SBP_AES_AUTO;AES;NA;EXPOST_FLAG;;;1;;;0: Does not output the expost forecast, and just outputs the forecast values\n1: Outputs the expost forecast and the forecast values.\n.;;;
SBP_AHC_13;AHC;NA;CLUSTER_NUM;;;17;;;;;;
SBP_AHC_PI;AHC;NA;THREAD_RATIO;;;;0.5;;;;;
SBP_AHC_PI;AHC;NA;CLUSTER_METHOD;;;3;;;;;;
SBP_AHC_PI;AHC;NA;CATEGORY_WEIGHTS;;;;1;;;;;
SBP_AHC_PI;AHC;NA;DISTANCE_FUNC;;;11;;;;;;
SBP_AES_TESM_1;AES;NA;FORECAST_MODEL_NAME;;;;;TESM;Name of the statistical model used for calculating the forecast.\nSESM: Single Exponential SmoothingDESM: Double Exponential SmoothingTESM: Triple Exponential Smoothing;This parameter must be set unless MODELSELECTION is set to 1.;;
SBP_AES_TESM_1;AES;NA;FORECAST_NUM;;;106;;;Number of values to be forecast;;;
SBP_AES_TESM_1;AES;NA;MODELSELECTION;;;1;;;When this is set to 1, the algorithm will select the best model among Single/Double/Triple/Damped Double/Damped Triple Exponential Smoothing models.\nIf FORECAST_MODEL_NAME is set, the model defined by FORECAST_MODEL_NAME will be used.When this is set to 0, the algorithm will not perform the model selection.;;;
SBP_AES_TESM_1;AES;NA;OPTIMIZER_RANDOM_SEED;;;1;;;Random seed for simulated annealing. The value should be larger than zero.;;;
SBP_AES_TESM_1;AES;NA;EXPOST_FLAG;;;1;;;0: Does not output the expost forecast, and just outputs the forecast values\n1: Outputs the expost forecast and the forecast values..;;;
SBP_VARMA_0;VARMA;NA;MODEL;;;0;;;Model type:\n0: VAR1: VMA2: VARMA;;;
SBP_VARMA_1;VARMA;NA;MODEL;;;2;;;Model type:\n0: VAR1: VMA2: VARMA;;;
SBP_AHC_CTRD;AHC;NA;CLUSTER_METHOD;;;5;;;Linkage type between two clusters.\n1: Nearest Neighbor (single linkage)2: Furthest Neighbor (complete linkage)3: Group Average (UPGMA)4: Weighted Average (WPGMA)5: Centroid Clustering6: Median Clustering7: Ward MethodNoteFor clustering method 5, 6, or 7, the corresponding distance function (DISTANCE_FUNC) must be set to 11.The initial cluster distances in Ward's method are defined to be the squared Euclidean distance between points.;;;
SBP_AHC_CTRD;AHC;NA;DISTANCE_FUNC;;;11;;;11: Precalculated Distance (Based on Gowers Distance Method);;;
SBP_AHC_CTRD;AHC;NA;THREAD_RATIO;;;;0.99;;Specifies the ratio of total number of threads that can be used by this function. The value range is from 0 to 1, where 0 means only using 1 thread, and 1 means using at most all the currently available threads. Values outside the range will be ignored and this function heuristically determines the number of threads to use.;;;
SBP_PCA_CAT;PCACAT;NA;THREAD_RATIO;;;;0.5;;;;;
SBP_PCA_CAT;PCACAT;NA;SCALING;;;1;;;;;;
SBP_PCA_CAT;PCACAT;NA;SCORES;;;1;;;;;;
SBP_PCA_CAT;PCACAT;NA;COMPONENT_TOL;;;;0.00001;;;;;
SBP_PCA_CAT;PCACAT;NA;SVD_CALCULATOR;;;0;;;;;;
SBP_PCA_CAT;PCACAT;NA;LANCZOS_ITERATION;;;100;;;;;;
SBP_PCA_CAT;PCACAT;NA;CONVERGE_TOL;;;;0.00001;;;;;
SBP_PCA_CAT;PCACAT;NA;MAX_ITERATION;;;550;;;;;;
SBP_PCA_CAT;PCACAT;NA;SEED;;;2025;;;;;;
SBP_PCA_CAT;PCACAT;NA;LANCZOS_TOL;;;;1e-7;;;;;
SBP_PCA_CAT;PCACAT;NA;N_COMPONENTS;;;2;;;;;;