ACTIVITY_ID;PARAMETER_ID;OPTION_SELECT;MANDATORY;LEVEL
EXPORT_IBP_ASSEMBLY;MF_LOCATION;S;Y;E
EXPORT_IBP_ASSEMBLY;CONFIG_PRODUCT;M;N;E
EXPORT_IBP_ASSEMBLY_COMPONENT;MF_LOCATION;S;Y;E
EXPORT_IBP_DERIVED_CHARACTERISTICS;PARTIAL_PRODUCT;M;N;E
EXPORT_IBP_SEEDORDER;PARTIAL_PRODUCT;M;N;E
PREDICTION;GEN_TYPE;O;N;E
PREDICTION;IMPACT_ANALYSIS;C;N;E
PREDICTION;Optimization;C;N;E
PREDICTION;POptProfile;O;N;E
PREDICTION;MODEL_VERSION;O;N;E
PREDICTION;PARTIAL_PRODUCT;M;Y;E
PREDICTION;SCENARIO;S;Y;E
PREDICTION;VERSION;S;Y;E
TIMES_SERIES_HISTORY;DAILY;C;N;E
TIMES_SERIES_HISTORY;PARTIAL_PRODUCT;M;N;E
PROCESS_SALES_ORDERS;CONFIG_PRODUCT;M;N;E
PROCESS_SALES_ORDERS;DM_LOCATION;M;Y;E
PROCESS_SALES_ORDERS;MF_LOCATION;S;Y;E
PREDICTION;DM_LOCATION;M;Y;E
PREDICTION;MF_LOCATION;S;Y;E
EXPORT_IBP_DERIVED_CHARACTERISTICS;DM_LOCATION;M;Y;E
EXPORT_IBP_DERIVED_CHARACTERISTICS;MF_LOCATION;S;Y;E
EXPORT_IBP_SEEDORDER;MF_LOCATION;S;Y;E
EXPORT_IBP_SEEDORDER;DM_LOCATION;M;Y;E
TIMES_SERIES_HISTORY;DM_LOCATION;M;Y;E
TIMES_SERIES_HISTORY;MF_LOCATION;S;Y;E
PUBLISH_FORECAST_ORDERS;CONFIG_PRODUCT;M;Y;E
PUBLISH_FORECAST_ORDERS;DATE_RANGE;D;N;E
PUBLISH_FORECAST_ORDERS;MF_LOCATION;S;Y;E
PUBLISH_FORECAST_ORDERS;MODEL_VERSION;O;N;E
PUBLISH_FORECAST_ORDERS;Rolling_Timestamp;C;N;E
PUBLISH_FORECAST_ORDERS;SCENARIO;S;Y;E
PUBLISH_FORECAST_ORDERS;SnapShot;C;N;E
PUBLISH_FORECAST_ORDERS;VERSION;S;Y;E
EXPORT_IBP_SALES_HISTORY;PARTIAL_PRODUCT;M;N;E
EXPORT_IBP_SALES_HISTORY;DM_LOCATION;M;Y;E
EXPORT_IBP_SALES_HISTORY;MF_LOCATION;S;Y;E
IMPORT_IBP_DEMAND_FUTURE;DM_LOCATION;M;Y;E
IMPORT_IBP_DEMAND_FUTURE;MF_LOCATION;S;Y;E
IMPORT_IBP_DEMAND_FUTURE;PARTIAL_PRODUCT;M;Y;E
IMPORT_IBP_DEMAND_FUTURE;SCENARIO;S;Y;E
IMPORT_IBP_DEMAND_FUTURE;VERSION;S;Y;E
EXPORT_IBP_FORECAST_DEMAND;DM_LOCATION;M;Y;E
EXPORT_IBP_FORECAST_DEMAND;MF_LOCATION;S;Y;E
EXPORT_IBP_FORECAST_DEMAND;PARTIAL_PRODUCT;M;Y;E
EXPORT_IBP_FORECAST_DEMAND;SCENARIO;S;Y;E
EXPORT_IBP_FORECAST_DEMAND;VERSION;S;Y;E
GENERATE_ASSEMBLY_REQUIREMENTS;CONFIG_PRODUCT;M;Y;E
GENERATE_ASSEMBLY_REQUIREMENTS;DM_LOCATION;M;Y;E
GENERATE_ASSEMBLY_REQUIREMENTS;MF_LOCATION;S;Y;E
GENERATE_ASSEMBLY_REQUIREMENTS;SCENARIO;S;Y;E
GENERATE_ASSEMBLY_REQUIREMENTS;VERSION;S;Y;E
OPTION_LEVEL_MASTER;CLASS;M;Y;E
OPTION_LEVEL_MASTER;CONFIG_PRODUCT;M;Y;E
OPTION_LEVEL_MASTER;DM_LOCATION;M;Y;E
OPTION_LEVEL_MASTER;MF_LOCATION;S;Y;E
GENERATE_SEEDORDER;CONFIG_PRODUCT;M;Y;E
GENERATE_SEEDORDER;CUSTOMER_GROUP;S;Y;E
GENERATE_SEEDORDER;DATE_RANGE;D;N;E
GENERATE_SEEDORDER;DM_LOCATION;M;Y;E
GENERATE_SEEDORDER;MF_LOCATION;S;Y;E
TIME_SERIES_FUTURE;DM_LOCATION;M;Y;E
TIME_SERIES_FUTURE;MF_LOCATION;S;Y;E
TIME_SERIES_FUTURE;PARTIAL_PRODUCT;M;Y;E
TIME_SERIES_FUTURE;SCENARIO;S;Y;E
TIME_SERIES_FUTURE;VERSION;S;Y;E
TIME_SERIES_FUTURE;MODEL_VERSION;S;Y;E
MODEL_GENERATION;DM_LOCATION;M;Y;E
MODEL_GENERATION;GEN_TYPE;O;N;E
MODEL_GENERATION;MF_LOCATION;S;Y;E
MODEL_GENERATION;MODEL_VERSION;O;N;E
MODEL_GENERATION;PARTIAL_PRODUCT;M;Y;E
MODEL_GENERATION;PREDICTION_PROFILE;S;N;E
GENERATE_FORECAST_ORDER;DM_LOCATION;M;Y;E
GENERATE_FORECAST_ORDER;MF_LOCATION;S;Y;E
GENERATE_FORECAST_ORDER;MODEL_VERSION;O;N;E
GENERATE_FORECAST_ORDER;PARTIAL_PRODUCT;M;Y;E
GENERATE_FORECAST_ORDER;SCENARIO;S;Y;E
GENERATE_FORECAST_ORDER;VERSION;S;Y;E
EXPORT_IBP_ASSEMBLY_REQ_QUANTITY;CONFIG_PRODUCT;M;Y;E
EXPORT_IBP_ASSEMBLY_REQ_QUANTITY;DATE_RANGE;D;N;E
EXPORT_IBP_ASSEMBLY_REQ_QUANTITY;DM_LOCATION;M;Y;E
EXPORT_IBP_ASSEMBLY_REQ_QUANTITY;MF_LOCATION;S;Y;E
EXPORT_IBP_ASSEMBLY_REQ_QUANTITY;SCENARIO;S;Y;E
EXPORT_IBP_ASSEMBLY_REQ_QUANTITY;VERSION;S;Y;E
EXPORT_IBP_ASSEMBLY_REQ_QUANTITY;Rolling_Timestamp;C;N;E
STATFORECAST_FOR_CHAR_VALUES;FORECAST_ALGORITHM;S;N;E
STATFORECAST_FOR_CHAR_VALUES;DM_LOCATION;M;Y;E
STATFORECAST_FOR_CHAR_VALUES;MF_LOCATION;S;Y;E
STATFORECAST_FOR_CHAR_VALUES;PARTIAL_PRODUCT;M;Y;E
STATFORECAST_FOR_CHAR_VALUES;GEN_TYPE;O;N;E
STATFORECAST_FOR_CHAR_VALUES;MODEL_VERSION;O;N;E
STATFORECAST_FOR_CHAR_VALUES;VERSION;S;Y;E
STATFORECAST_FOR_CHAR_VALUES;SCENARIO;S;Y;E
STATFORECAST_FOR_CHAR_VALUES;CUSTOMER_GROUP;S;Y;E
TIMES_SERIES_HISTORY_CUST;DAILY;C;N;E
TIMES_SERIES_HISTORY_CUST;PARTIAL_PRODUCT;M;N;E
TIMES_SERIES_HISTORY_CUST;DM_LOCATION;M;Y;E
TIMES_SERIES_HISTORY_CUST;MF_LOCATION;S;Y;E
TIMES_SERIES_HISTORY_CUST;CUSTOMER_GROUP;S;Y;E
PURGE_PLANNING_DATA;MF_LOCATION;S;Y;I
PURGE_PLANNING_DATA;DM_LOCATION;M;Y;I
PURGE_PLANNING_DATA;PARTIAL_PRODUCT;M;Y;I
PURGE_PLANNING_DATA;DATE_RANGE;D;N;I
PURGE_PLANNING_DATA;SINGLE_DATE;D;N;I
PURGE_PLANNING_DATA;OPERATOR;O;N;I
GENERATE_BOM_UID_MAPPING;MF_LOCATION;S;Y;E
GENERATE_BOM_UID_MAPPING;CONFIG_PRODUCT;M;Y;E
GENERATE_BOM_UID_MAPPING;FULL_RUN;C;N;E
DYNAMIC_FROZEN; ;;N;I
EXPORT_IBP_CLASS; ;;N;E
EXPORT_IBP_CUSTOMERGROUP; ;;N;E
EXPORT_IBP_LOCATION; ;;N;E
EXPORT_IBP_PRODUCT; ;;N;E
IMPORT_S4_ASSEMBLY_COMPONENTS; ;;N;E
IMPORT_S4_BOM; ;;N;E
IMPORT_S4_CLASSCHAR; ;;N;E
IMPORT_S4_CUSTOMERGROUP; ;;N;E
IMPORT_S4_DERIVED_CHARACTERISTICS; ;;N;E
IMPORT_S4_FORECAST_ORDERLOG; ;;N;E
IMPORT_S4_LOCATION; ;;N;E
IMPORT_S4_LOCATIONPRODUCT; ;;N;E
IMPORT_S4_OBJ_DEP_HEADER; ;;N;E
IMPORT_S4_PARTIALPRODUCTS; ;;N;E
IMPORT_S4_PRODCONFIG; ;;N;E
IMPORT_S4_PRODUCTATTRIBUTES; ;;N;E
IMPORT_S4_PVSNODESTRUCTURE; ;;N;E
IMPORT_S4_SALES_ORDER_STOCK; ;;N;E
IMPORT_S4_VARIANT_TABLES; ;;N;E
IMPORT_VERSION_SCENARIO; ;;N;E
PURGE_JOBS_DATA; ;;N;E
UPDATE_JOBS_DATA; ;;N;E
UPDATE_APP_STATS; ;;N;I
UPDATE_SYS_STATS; ;;N;I
UPDATE_NODE_STATS; ;;N;I
IMPORT_S4_CHARVAL_NUM; ;;N;E
UPDATE_TABLES_DATA; ;;N;I
INITIALIZATION_PROCESS;CONFIG_PRODUCT;M;N;E
INITIALIZATION_PROCESS;DM_LOCATION;M;N;E
INITIALIZATION_PROCESS;MF_LOCATION;S;N;E
INITIALIZATION_PROCESS;HISTORY_WEEKS;S;Y;E
IMPORT_S4_PRODORD_COMPQTY; ;;N;E
SYNC_JOBS_ONETIME; ;;N;I
SNAPSHOT;SnapShot;C;N;E
GENERATE_ASSEMBLY_REQUIREMENTS_RESOURCES;CONFIG_PRODUCT;M;Y;E
GENERATE_ASSEMBLY_REQUIREMENTS_RESOURCES;DM_LOCATION;M;Y;E
GENERATE_ASSEMBLY_REQUIREMENTS_RESOURCES;MF_LOCATION;S;Y;E
GENERATE_ASSEMBLY_REQUIREMENTS_RESOURCES;SCENARIO;S;Y;E
GENERATE_ASSEMBLY_REQUIREMENTS_RESOURCES;VERSION;S;Y;E
PRPIDS_CLUSTERING_GENERATION;MF_LOCATION;S;Y;E
PRPIDS_CLUSTERING_GENERATION;DM_LOCATION;M;Y;E
PRPIDS_CLUSTERING_GENERATION;PARTIAL_PRODUCT;M;Y;E
PLANNED_OPTION_PERCENTAGE;MF_LOCATION;S;Y;E
PLANNED_OPTION_PERCENTAGE;DM_LOCATION;M;Y;E
PLANNED_OPTION_PERCENTAGE;PARTIAL_PRODUCT;M;Y;E
PLANNED_OPTION_PERCENTAGE;DATE_RANGE;D;Y;E
PLANNED_OPTION_PERCENTAGE;MODEL_VERSION;O;N;E
PLANNED_OPTION_PERCENTAGE;VERSION;S;Y;E
PLANNED_OPTION_PERCENTAGE;SCENARIO;S;Y;E
GENERATE_OPTIMIZATIONS;DM_LOCATION;M;Y;E
GENERATE_OPTIMIZATIONS;MF_LOCATION;S;Y;E
GENERATE_OPTIMIZATIONS;PARTIAL_PRODUCT;M;Y;E
GENERATE_OPTIMIZATIONS;GEN_TYPE;O;N;E
GENERATE_OPTIMIZATIONS;MODEL_VERSION;O;N;E
GENERATE_OPTIMIZATIONS;SCENARIO;S;Y;E
GENERATE_OPTIMIZATIONS;VERSION;S;Y;E
GENERATE_OPTIMIZATIONS;DATE_RANGE;D;Y;E
GENERATE_OPTIMIZATIONS;OptProfile;O;N;E
UPDATE_OPTION_QUANTITIES;DM_LOCATION;M;Y;E
UPDATE_OPTION_QUANTITIES;MF_LOCATION;S;Y;E
UPDATE_OPTION_QUANTITIES;PARTIAL_PRODUCT;M;Y;E
UPDATE_OPTION_QUANTITIES;SCENARIO;S;Y;E
UPDATE_OPTION_QUANTITIES;VERSION;S;Y;E
UPDATE_OPTION_QUANTITIES;MODEL_VERSION;O;N;E
GENERATE_TELESCOPIC_PERIODS; ;;N;E
IMPORT_S4_SALES_HISTORY;DM_LOCATION;M;Y;E
IMPORT_S4_SALES_HISTORY;MF_LOCATION;S;Y;E
IMPORT_S4_SALES_HISTORY;CONFIG_PRODUCT;M;Y;E
IMPORT_S4_SALES_HISTORY;DATE_RANGE;D;N;E
PURGE_ALERTS_DATA; ;;N;I
SNAPSHOT_LAG; ;;N;I
EXPORT_IBP_COMPONENT_COEFFICIENT;MF_LOCATION;S;Y;E
EXPORT_IBP_COMPONENT_COEFFICIENT;PARTIAL_PRODUCT;M;Y;E
EXPORT_IBP_COMPONENT_COEFFICIENT;MODEL_VERSION;O;N;E
EXPORT_IBP_COMPONENT_COEFFICIENT;SCENARIO;S;Y;E
EXPORT_IBP_COMPONENT_COEFFICIENT;VERSION;S;Y;E
EXPORT_IBP_CAPACONSUMTPTION_RATE;MF_LOCATION;S;Y;E
EXPORT_IBP_CAPACONSUMTPTION_RATE;PARTIAL_PRODUCT;M;Y;E
EXPORT_IBP_CAPACONSUMTPTION_RATE;MODEL_VERSION;O;N;E
EXPORT_IBP_CAPACONSUMTPTION_RATE;SCENARIO;S;Y;E
EXPORT_IBP_CAPACONSUMTPTION_RATE;VERSION;S;Y;E
EXPORT_IBP_RESOURCE_CAPACITY;MF_LOCATION;S;Y;E
EXPORT_IBP_RESOURCE_LOC;MF_LOCATION;S;Y;E
EXPORT_IBP_RESOURCE;MF_LOCATION;S;Y;E
EXPORT_IBP_RESOURCE_LOC_PROD;MF_LOCATION;S;Y;E