ACTIVITY_ID;ACTIVITY_DESC;ACTION_URL;LEVEL;PREREQUISITE;PREREQCONDITION;CREATED_DATE;CREATED_BY;CREATED_TIME;CHANGED_DATE;CHANGED_BY;CHANGED_TIME
DYNAMIC_FROZEN;DYNAMIC_FROZEN;/catalog/genDynamicFrozenFirmHorizon;I;;;2023-09-29;;10:02:52;;;
TIMES_SERIES_HISTORY;TIMES_SERIES_HISTORY;/catalog/generateTimeseries;E;;;2023-09-29;;11:21:55;;;
EXPORT_IBP_ASSEMBLY;EXPORT_IBP_ASSEMBLY;/ibpimport-srv/exportIBPAssembly;E;;;2023-09-29;;10:36:10;;;
EXPORT_IBP_ASSEMBLY_COMPONENT;EXPORT_IBP_ASSEMBLY_COMPONENT;/ibpimport-srv/exportIBPAssemblyComp;E;;;2023-09-29;;10:39:35;;;
EXPORT_IBP_ASSEMBLY_REQ_QUANTITY;EXPORT_IBP_ASSEMBLY_REQ_QUANTITY;/ibpimport-srv/exportComponentReq;E;;;2023-09-29;;10:41:54;;;
EXPORT_IBP_CLASS;EXPORT_IBP_CLASS;/ibpimport-srv/exportIBPClass;E;;;2023-09-29;;10:42:27;;;
EXPORT_IBP_CUSTOMERGROUP;EXPORT_IBP_CUSTOMERGROUP;/ibpimport-srv/exportIBPCustomer;E;;;2023-09-29;;10:43:05;;;
EXPORT_IBP_DERIVED_CHARACTERISTICS;EXPORT_IBP_DERIVED_CHARACTERISTICS;/ibpimport-srv/generateDCFCharPlan;E;;;2023-09-29;;10:44:47;;;
EXPORT_IBP_ACTUAL_COMPONENTS_DEMAND;EXPORT_IBP_ACTUAL_COMPONENTS_DEMAND;/ibpimport-srv/exportActCompDemand;E;;;2023-09-29;;10:35:02;;;
EXPORT_IBP_FORECAST_DEMAND;EXPORT_IBP_FORECAST_DEMAND;/ibpimport-srv/exportIBPCIR;E;;;2023-09-29;;10:46:17;;;
EXPORT_IBP_LOCATION;EXPORT_IBP_LOCATION;/ibpimport-srv/exportIBPLocation;E;;;2023-09-29;;10:47:09;;;
EXPORT_IBP_LOCATION_PRODUCT;EXPORT_IBP_LOCATION_PRODUCT;/ibpimport-srv/exportIBPLocProd;E;;;2023-09-29;;10:47:51;;;
EXPORT_IBP_PRODUCT;EXPORT_IBP_PRODUCT;/ibpimport-srv/exportIBPMasterProd;E;;;2023-09-29;;10:48:58;;;
EXPORT_IBP_SALES_HISTORY;EXPORT_IBP_SALES_HISTORY;/ibpimport-srv/exportIBPSalesTrans;E;;;2023-09-29;;10:49:45;;;
EXPORT_IBP_SEEDORDER;EXPORT_IBP_SEEDORDER;/ibpimport-srv/exportIBPSeedOrdTrans;E;;;2023-09-29;;10:51:26;;;
GENERATE_ASSEMBLY_REQUIREMENTS;GENERATE_ASSEMBLY_REQUIREMENTS;/catalog/generateAssemblyReq;E;;;2023-09-29;;10:52:09;;;
GENERATE_FORECAST_ORDER;GENERATE_FORECAST_ORDER;/catalog/genFullConfigDemand;E;;;2023-09-29;;10:54:31;;;
IMPORT_IBP_DEMAND_FUTURE;IMPORT_IBP_DEMAND_FUTURE;/ibpimport-srv/generateFDemandQty;E;;;2023-09-29;;10:56:52;;;
IMPORT_S4_ASSEMBLY_COMPONENTS;IMPORT_S4_ASSEMBLY_COMPONENTS;/sdi/ImportECCAsmbcomp;E;;;2023-09-29;;10:57:28;;;
IMPORT_S4_BOM;IMPORT_S4_BOM;/sdi/ImportECCBOM;E;;;2023-09-29;;10:58:09;;;
IMPORT_S4_CLASSCHAR;IMPORT_S4_CLASSCHAR;/sdi/ImportECCClass;E;;;2023-09-29;;10:59:14;;;
IMPORT_S4_CUSTOMERGROUP;IMPORT_S4_CUSTOMERGROUP;/sdi/ImportECCCustGrp;E;;;2023-09-29;;10:59:28;;;
IMPORT_S4_DERIVED_CHARACTERISTICS;IMPORT_S4_DERIVED_CHARACTERISTICS;/sdi/ImportDeriveChar;E;;;2023-09-29;;10:59:40;;;
IMPORT_S4_FORECAST_ORDERLOG;IMPORT_S4_FORECAST_ORDERLOG;/sdi/ImportCIRLog;E;;;2023-09-29;;10:59:56;;;
IMPORT_S4_LOCATION;IMPORT_S4_LOCATION;/sdi/ImportECCLoc;E;;;2023-09-29;;11:00:08;;;
IMPORT_S4_LOCATIONPRODUCT;IMPORT_S4_LOCATIONPRODUCT;/sdi/ImportECCLocProd;E;;;2023-09-29;;11:00:20;;;
IMPORT_S4_OBJ_DEP_HEADER;IMPORT_S4_OBJ_DEP_HEADER;/sdi/ImportECCODhdr;E;;;2023-09-29;;11:00:32;;;
IMPORT_S4_PARTIALPRODUCTS;IMPORT_S4_PARTIALPRODUCTS;/sdi/ImportPartialProd;E;;;2023-09-29;;11:00:45;;;
IMPORT_S4_PRODCONFIG;IMPORT_S4_PRODCONFIG;/sdi/ImportECCProdClass;E;;;2023-09-29;;11:00:58;;;
IMPORT_S4_PRODUCTATTRIBUTES;IMPORT_S4_PRODUCTATTRIBUTES;/sdi/ImportECCProd;E;;;2023-09-29;;11:01:11;;;
IMPORT_S4_PVSNODESTRUCTURE;IMPORT_S4_PVSNODESTRUCTURE;/sdi/ImportPVSNode;E;;;2023-09-29;;11:01:35;;;
IMPORT_S4_SALES_HISTORY;IMPORT_S4_SALES_HISTORY;/sdi/ImportECCSalesh;E;;;2023-09-29;;11:01:48;;;
IMPORT_S4_VARIANT_TABLES;IMPORT_S4_VARIANT_TABLES;/sdi/ImportVariantTables;E;;;2023-09-29;;11:01:48;;;
IMPORT_S4_SALES_ORDER_STOCK;IMPORT_S4_SALES_ORDER_STOCK;/sdi/ImportSOStock;E;;;2023-09-29;;11:02:00;;;
MODEL_GENERATION;MODEL_GENERATION;/pal/generateModels;E;;;2023-09-29;;11:03:49;;;
PREDICTION;PREDICTION;/pal/genPredictions;E;;;2023-09-29;;11:05:20;;;
PROCESS_SALES_ORDERS;PROCESS_SALES_ORDERS;/catalog/genUniqueID;E;;;2023-09-29;;11:11:19;;;
PUBLISH_FORECAST_ORDERS;PUBLISH_FORECAST_ORDERS;/catalog/postCIRQuantitiesToS4;E;;;2023-09-29;;11:12:36;;;
TIME_SERIES_FUTURE;TIME_SERIES_FUTURE;/catalog/generateTimeseriesF;E;;;2023-09-29;;11:13:28;;;
OPTION_LEVEL_MASTER;Master data;/ibpimport-srv/exportLocProdConfigAPI;E;;;;;;;;
IMPORT_VERSION_SCENARIO;IMPORT_VERSION_SCENARIO;/ibpimport-srv/importIBPVersionScenarios;E;;;;;;;;
GENERATE_SEEDORDER;GENERATE_SEEDORDER;/catalog/generateSeedOrders;E;;;;;;;;
STATFORECAST_FOR_CHAR_VALUES;STATFORECAST_FOR_CHAR_VALUES;/pal/genFutureOptions;E;;;;;;;;
TIMES_SERIES_HISTORY_CUST;TIMES_SERIES_HISTORY_CUST;/catalog/generateTimeseriesCust;E;;;;;;;;
PURGE_PLANNING_DATA;PURGE_PLANNING_DATA;/catalog/deleteLocProdData;I;;;;;;;;
PURGE_JOBS_DATA;PURGE_JOBS_DATA;/jobs/purgeJobLogsNew;I;;;;;;;;
GENERATE_BOM_UID_MAPPING;GENERATE_BOM_UID_MAPPING;/catalog/genBOMUIDMapping;E;;;;;;;;
UPDATE_JOBS_DATA;UPDATE_JOBS_DATA;/jobs/updateJobs;I;;;;;;;;
UPDATE_APP_STATS;Update Application Statistics;/res/updateAppStats;I;;;;;;;;
UPDATE_SYS_STATS;Update System Statistics;/res/updateSysStats;I;;;;;;;;
UPDATE_NODE_STATS;Update Node Statistics;/res/updateNodeStats;I;;;;;;;;
IMPORT_S4_CHARVAL_NUM;IMPORT S4 CHARVAL_NUM;/sdi/ImportECCCharValueNum;E;;;;;;;;
UPDATE_TABLES_DATA;UPDATE_TABLES_DATA;/jobs/modifyTablesData;I;;;;;;;;
INITIALIZATION_PROCESS;INITIALIZATION_PROCESS;/catalog/initialProcess;E;;;;;;;;
IMPORT_S4_PRODORD_COMPQTY;IMPORT_S4_PRODORD_COMPQTY;/sdi/ImportECCProdOrdQnty;E;;;;;;;;
SYNC_JOBS_ONETIME;SYNC_JOBS_ONETIME;/jobs/syncJobsOneTime;I;;;;;;;;
SNAPSHOT;SNAPSHOT;/catalog/maintainSnapShotjob;E;;;;;;;;
GENERATE_ASSEMBLY_REQUIREMENTS_RESOURCES;GENERATE_ASSEMBLY_REQUIREMENTS_RESOURCES;/catalog/generateAssemblyReqRest;E;;;2023-09-29;;10:52:09;;;
PRPIDS_CLUSTERING_GENERATION;PRPIDS_CLUSTERING_GENERATION;/pal/generatePrpids;E;;;;;;;;
PLANNED_OPTION_PERCENTAGE;PLANNED_OPTION_PERCENTAGE;/catalog/generateOptionPercentage;E;;;;;;;;
GENERATE_OPTIMIZATIONS;GENERATE_OPTIMIZATIONS;/pal/genOptimizations;E;;;;;;;;
UPDATE_OPTION_QUANTITIES;UPDATE_OPTION_QUANTITIES;/catalog/updateOptionQuantities;E;;;2023-09-29;;11:13:28;;;
GENERATE_TELESCOPIC_PERIODS;GENERATE_TELESCOPIC_PERIODS;/catalog/generateteleperiods;E;;;2023-09-29;;11:13:28;;;
PURGE_ALERTS_DATA;Purge Alerts Data;/jobs/purgeAlerts;I;;;;;;;;
SNAPSHOT_LAG;Snapshot of Calendar month Lags;/jobs/maintainLags;E;;;;;;;;
EXPORT_IBP_COMPONENT_COEFFICIENT;EXPORT_IBP_COMPONENT_COEFFICIENT;/ibpimport-srv/exportComponentCoefficient;E;;;2023-09-29;;10:49:45;;;
EXPORT_IBP_CAPACONSUMTPTION_RATE;EXPORT_IBP_CAPACONSUMTPTION_RATE;/ibpimport-srv/exportCapacityConsumption;E;;;2023-09-29;;10:49:45;;;
EXPORT_IBP_RESOURCE_CAPACITY;EXPORT_IBP_RESOURCE_CAPACITY;/ibpimport-srv/exportRestrictionCapacity;E;;;2023-09-29;;10:49:45;;;
EXPORT_IBP_RESOURCE_LOC;EXPORT_IBP_RESOURCE_LOC;/ibpimport-srv/exportIBPResourceLoc;E;;;2023-09-29;;10:49:45;;;
EXPORT_IBP_RESOURCE;EXPORT_IBP_RESOURCE;/ibpimport-srv/exportIBPResource;E;;;2023-09-29;;10:49:45;;;
EXPORT_IBP_RESOURCE_LOC_PROD;EXPORT_IBP_RESOURCE_LOC_PROD;/ibpimport-srv/exportIBPProductionResource;E;;;2023-09-29;;10:49:45;;;